{"choices":[{"answers":["Wolfberries","Catberries","Bearberries"],"question":"Goji berries are also known as ...","subContentId":"51445ea9-9c98-437a-8981-72d46d6e86c4"},{"answers":["Asia","Africa","Europe"],"question":"Goji berries are native to ...","subContentId":"95b60491-e203-4bc5-956c-89e966b1005d"},{"answers":["Dried","Pickled","Frozen"],"question":"Goji berries are usually sold ...","subContentId":"aa694288-df4d-4ed3-8f81-f47fa3d27fe4"}],"behaviour":{"timeoutCorrect":1000,"timeoutWrong":1000,"soundEffectsEnabled":true,"enableRetry":true,"enableSolutionsButton":true,"passPercentage":100,"autoContinue":true},"l10n":{"showSolutionButtonLabel":"Show solution","retryButtonLabel":"Retry","solutionViewTitle":"Solution","correctText":"Correct!","incorrectText":"Incorrect!","muteButtonLabel":"Mute feedback sound","closeButtonLabel":"Close","slideOfTotal":"Slide :num of :total","nextButtonLabel":"Next question","scoreBarLabel":"You got :num out of :total points","solutionListQuestionNumber":"Question :num","a11yShowSolution":"Show the solution. The task will be marked with its correct solution.","a11yRetry":"Retry the task. Reset all responses and start the task over again.","shouldSelect":"Should have been selected","shouldNotSelect":"Should not have been selected"},"overallFeedback":[{"from":0,"to":100,"feedback":"You got :numcorrect of :maxscore correct"}]}